keyword_id,keyword_name
1,avatar
2,goddess
3,bomb
4,deception
5,alien
6,sandman
7,"17th century"
8,"artificial intelligence"
9,blood
10,"based on comic book"
11,crystal
12,"action hero"
13,"box office hit"
14,horse
15,"brother brother relationship"
16,"alien invasion"
17,blackbeard
18,army
19,lizard
20,1190s
21,dwarf
22,children
23,"animal name in title"
24,artist
25,"box office flop"
26,dinosaur
27,brawl
28,death
29,armor
30,"alice in wonderland"
31,battle
32,cheating
33,autobot
34,blockbuster
35,circus
36,"costumed hero"
37,arcade
38,"best friend"
39,autopsy
40,college
41,"death row"
42,"car falling off a cliff"
43,chaos
44,dystopia
45,admiral
46,bean
47,ingratitude
48,alamut
49,"giant monster"
50,"cult figure"
51,apatosaurus
52,archery
53,hatred
54,earth
55,ambassador
56,ark
57,"charles dickens"
58,africa
59,"hide and seek"
60,mutant
61,balloon
62,afghanistan
63,automaton
64,"buddy movie"
65,future
66,cobra
67,anger
68,fire
69,hammer
70,"evil queen"
71,curse
72,ape
73,1770s
74,conspiracy
75,"alternate world"
76,"boy genius"
77,"high tech"
78,boy
79,dragon
80,drifter
81,"bounty hunter"
82,"black hole"
83,"ambiguous ending"
84,"eighteen wheeler"
85,"deformed baby"
86,cia
87,"death of sister"
88,"chosen one"
89,cruise
90,clock
91,"disney spoof"
92,"based on video game"
93,"alternate timeline"
94,"air raid"
95,"alien contact"
96,"ancient greece"
97,"bully comeuppance"
98,"new york city"
99,chocolate
100,chef
101,"armored car"
102,hdtv
103,magic
104,"car motorcycle chase"
105,arrest
106,australia
107,conclave
108,cat
109,"fbi director"
110,ares
111,"camera shot of feet"
112,capture
113,asylum
114,bee
115,china
116,"arms dealer"
117,"black u.s. president"
118,boat
119,1940s
120,dog
121,greek
122,animal
123,catfight
124,ghost
125,asteroid
126,creature
127,dubai
128,belief
129,"animal abuse"
130,captain
131,egypt
132,evil
133,"ancient egypt"
134,"kung fu"
135,1980s
136,general
137,beach
138,arctic
139,british
140,1800s
141,3d
142,antidote
143,"cult tv"
144,cannibal
145,"bear attack"
146,accident
147,chameleon
148,"little girl"
149,ant
150,president
151,"alien friendship"
152,cuba
153,betrayal
154,egg
155,museum
156,"based on novel"
157,"drug dealer"
158,caribbean
159,"based on young adult novel"
160,"based on supposedly true story"
161,amazon
162,"drug lord"
163,factory
164,"famous line"
165,arab
166,assassin
167,butler
168,climate
169,cure
170,"fantastic four"
171,blackheart
172,"black ops"
173,fbi
174,"cave painting"
175,"anthropomorphic mouse"
176,"christ figure"
177,"law enforcement"
178,"based on anime"
179,embarrassment
180,chase
181,"cabin in the woods"
182,"elongated cry of no"
183,"martial arts"
184,friend
185,"healing power"
186,cave
187,"1st century b.c."
188,code
189,"based on fairy tale"
190,"18 wheeler"
191,ash
192,"disaster movie"
193,"ex boyfriend ex girlfriend relationship"
194,"american revolution"
195,"father daughter relationship"
196,"action heroine"
197,1920s
198,"bermuda triangle"
199,heir
200,blue
201,cattle
202,arena
203,"based on cartoon"
204,"collision course"
205,elf
206,"19th century"
207,"african american protagonist"
208,"based on cult comic book"
209,"humanoid robot"
210,"12th century"
211,amphibian
212,astronaut
213,clone
214,anniversary
215,"auto theft"
216,battlefield
217,bildungsroman
218,casino
219,1930s
220,espionage
221,hijack
222,birthday
223,capitalist
224,"assassination attempt"
225,dynamite
226,"15th century"
227,church
228,"declaration of independence"
229,"based on children's book"
230,"police surveillance"
231,atheist
232,diamond
233,"based on true story"
234,love
235,composer
236,"barn owl"
237,"human versus dinosaur"
238,athlete
239,baby
240,emaciation
241,"brother sister relationship"
242,butcher
243,"abusive stepfather"
244,chicken
245,community
246,campaigning
247,1910s
248,"abu dhabi"
249,adventurer
250,acorn
251,dress
252,1970s
253,"great barrier reef"
254,epic
255,apprentice
256,illuminati
257,"alzheimer's disease"
258,"actor playing multiple roles"
259,hero
260,latin
261,collector
262,"freight train"
263,food
264,daydream
265,"booty shake"
266,boston
267,"based on poem"
268,"film director"
269,"computer hacker"
270,"black magic"
271,atlantis
272,chipmunk
273,"american actor playing foreigner"
274,"hair stylist"
275,affection
276,arachnophobia
277,"message from outer space"
278,experiment
279,african
280,"golden fleece"
281,duology
282,"card trick"
283,"cold fusion"
284,bird
285,"23rd century"
286,earthquake
287,friendship
288,courage
289,"actual animal killed"
290,boxer
291,device
292,christmas
293,dance
294,"ex soldier"
295,"card dealer"
296,dracula
297,"fairy tale"
298,apartment
299,book
300,congressman
301,affair
302,bear
303,"coming of age"
304,car
305,"bare chested boy"
306,dancer
307,kingdom
308,band
309,core
310,"alter ego"
311,"amusement park"
312,brutality
313,architect
314,anthology
315,"cartoon on tv"
316,bank
317,cartoonist
318,"answer to prayer"
319,disguise
320,"fight to the death"
321,hotel
322,barn
323,astronomer
324,coach
325,belching
326,airplane
327,"female prisoner"
328,airport
329,"actor voicing multiple characters"
330,"death of child"
331,2000s
332,"chick flick"
333,corruption
334,"army rangers"
335,"audio surveillance"
336,"civil war"
337,blind
338,greenhouse
339,cavalry
340,"champagne bottle"
341,"based on tv series"
342,"brainwashed assassin"
343,american
344,california
345,connecticut
346,abstract
347,hunter
348,computer
349,heaven
350,angel
351,android
352,blockade
353,"collapsing tunnel"
354,brother
355,"based on stage musical based on film"
356,castle
357,damselfish
358,butterfly
359,king
360,gold
361,"criminal profile"
362,advertising
363,bust
364,aviator
365,deforestation
366,"animal control"
367,dating
368,escape
369,"first part"
370,alcatraz
371,flood
372,dream
373,audition
374,archeologist
375,basketball
376,"based on comic"
377,"abandoned hotel"
378,anchor
379,1960s
380,cop
381,concert
382,dictator
383,"hired killer"
384,babysitter
385,"bank manager"
386,1860s
387,"burned alive"
388,"crash survivor"
389,carnival
390,"child with gun"
391,antarctica
392,"alternate reality"
393,assassination
394,manifestation
395,butt
396,debt
397,breasts
398,"al qaeda"
399,"car racing"
400,"14th century"
401,"american abroad"
402,alaska
403,amnesia
404,"car race"
405,"crop circle"
406,"drag queen"
407,bride
408,agent
409,bounty
410,france
411,1990s
412,hostage
413,apocalypse
414,adidas
415,"air cavalry"
416,"political thriller"
417,"dog saved from a fire"
418,"barbed wire"
419,art
420,"corporate greed"
421,"death of wife"
422,abduction
423,austria
424,"commando unit"
425,colonel
426,ball
427,"blood splatter"
428,dam
429,jester
430,chinese
431,drugs
432,"cia agent"
433,analyst
434,partner
435,girl
436,"bare breasts"
437,christian
438,bowling
439,"drugged food"
440,cbs
441,1950s
442,dinner
443,"chopping down a tree"
444,"art thief"
445,"family relationships"
446,"5th century"
447,"cross country"
448,"cultural conflict"
449,"artificial reality"
450,"cape kennedy"
451,barricade
452,bookstore
453,actor
454,nasa
455,money
456,"altering history"
457,doctor
458,billionaire
459,"con artist"
460,blade
461,guerrilla
462,corporation
463,jungle
464,"anti establishment"
465,blackmail
466,celebrity
467,blizzard
468,"18th century"
469,"fem bot"
470,"historically inaccurate"
471,"child fugitive"
472,lobbyist
473,"bloopers during credits"
474,competition
475,drummer
476,"bare butt"
477,"biker gang"
478,"army cid"
479,"controlled environment"
480,"close up of breasts"
481,developer
482,couple
483,driver
484,desert
485,divorce
486,grace
487,"city by night"
488,"death of husband"
489,coma
490,contagion
491,bodyguard
492,"animal as human"
493,cocaine
494,"action figure"
495,"anti hero"
496,journalism
497,fiance
498,chauffeur
499,colorado
500,"covert analyst"
501,"based on real person"
502,"based on toy"
503,"good versus evil"
504,abraham
505,apartheid
506,ceo
507,"first lady"
508,attorney
509,aging
510,activist
511,blonde
512,"autistic child"
513,columnist
514,caddy
515,"coup d'etat"
516,"solar system"
517,"black dahlia"
518,"deep space"
519,"black and white photograph"
520,"female removes her clothes"
521,"female star appears nude"
522,"art dealer"
523,farmer
524,buddhism
525,"based on book"
526,"female protagonist"
527,"college football"
528,apache
529,"actor's picture shown in credits"
530,"african american"
531,"casual sex"
532,"deal with the devil"
533,argument
534,"anger management"
535,amputee
536,"face slap"
537,advice
538,"animal companion"
539,"bachelor party"
540,hijacking
541,city
542,casper
543,alabama
544,bus
545,"film within a film"
546,"plastic surgeon"
547,father
548,"monkey king"
549,actress
550,case
551,bridge
552,"flint michigan"
553,"charles darwin"
554,"execution by hanging"
555,baseball
556,"based on stage musical based on novel"
557,court
558,"based on cult favorite"
559,confederacy
560,blanket
561,europe
562,burlesque
563,"court martial"
564,lolita
565,"drill in the eye"
566,"blade the character"
567,"boyfriend girlfriend relationship"
568,bar
569,flight
570,gangster
571,governor
572,blaxploitation
573,"death of main character"
574,"amateur detective"
575,"imperial japan"
576,anthropophagus
577,farm
578,losing
579,flower
580,"1969 dodge charger"
581,"andy kaufman"
582,"car bomb"
583,monastery
584,"dissociative identity disorder"
585,cow
586,"forks washington"
587,donkey
588,"love at first sight"
589,balladeer
590,2010s
591,fame
592,"abbreviation in title"
593,deputy
594,contamination
595,"advertising executive"
596,accountant
597,"biological father"
598,"based on stage musical"
599,"blocked road"
600,disaster
601,"act of kindness"
602,disease
603,"air marshal"
604,1880s
605,hat
606,"automobile racing"
607,"mental institution"
608,"erotic thriller"
609,afterlife
610,feminism
611,gothic
612,bikini
613,danger
614,gremlin
615,courtroom
616,"nuclear explosion"
617,"cover up"
618,"american actress playing british character"
619,cancer
620,environmental
621,"fashion show"
622,"critically bashed"
623,bouncer
624,"disposing of a dead body"
625,aunt
626,"four word title"
627,expedition
628,"american civil war"
629,cheerleader
630,"male pubic hair"
631,bahamas
632,cathedral
633,knight
634,closet
635,"bush administration"
636,"chun li"
637,fight
638,detective
639,"inspired by radio program"
640,brownstone
641,"child murderer"
642,extraterrestrial
643,contract
644,"brothers hugging"
645,outlaw
646,heist
647,"cable guy"
648,"crime boss"
649,hallucination
650,"apostrophe in title"
651,"21st century"
652,confederate
653,bravery
654,"1000000 b.c."
655,albanian
656,"beauty pageant"
657,coronation
658,"college professor"
659,breakdown
660,"child abduction"
661,lapd
662,"blow job"
663,"bel air california"
664,"car accident"
665,"girl in panties"
666,"aging rocker"
667,freemason
668,"driving range"
669,nurse
670,"animated sequence"
671,"blind date"
672,criminal
673,"arms tied overhead"
674,"cell phone"
675,"desert planet"
676,"anti war"
677,alcoholic
678,nevada
679,courtship
680,"british prime minister"
681,"creature feature"
682,deaf
683,"american president"
684,"femme fatale"
685,hospital
686,1890s
687,assistant
688,"12 step program"
689,collar
690,narcotics
691,cleopatra
692,"claim in title"
693,"defense lawyer"
694,"columbia university"
695,austrian
696,"drug cartel"
697,"bail bond"
698,"bullet time"
699,"american soldier"
700,bullet
701,chaucer
702,"hong kong"
703,"able to see the dead"
704,"brain capacity"
705,"female frontal nudity"
706,mission
707,"9 year old"
708,competitiveness
709,"female nudity"
710,"camera focus on female butt"
711,adoption
712,"reference to ben affleck"
713,explosion
714,bromance
715,dying
716,cheerleading
717,"adult as child"
718,"beach house"
719,"attempted suicide"
720,count
721,"defense attorney"
722,agriculture
723,illusion
724,kidnapping
725,jaguar
726,"british agent"
727,"kicked in the face"
728,judicial
729,adultery
730,house
731,attic
732,dodgeball
733,memory
734,"attempted murder"
735,"may december romance"
736,author
737,investigation
738,"sex in a car"
739,auctioneer
740,alcoholism
741,"baltimore orioles"
742,"dancing sheep"
743,fear
744,"job offer"
745,"male frontal nudity"
746,aids
747,easter
748,"job interview"
749,"animal experimentation"
750,guard
751,"biblical plague"
752,"female in a shower"
753,camelot
754,"based on article"
755,murder
756,"cult film"
757,beard
758,cider
759,football
760,cheerfulness
761,"arctic circle"
762,"bondage gear"
763,military
764,combat
765,commercial
766,"alternate history"
767,"14 year old"
768,binoculars
769,bosnia
770,"art deco"
771,"closed ecological system"
772,"belle epoque"
773,"back from the dead"
774,"ancient india"
775,"jumping on a bed"
776,meddling
777,alliance
778,broke
779,"call in"
780,greenland
781,island
782,challenge
783,"abusive husband"
784,"character name in title"
785,bully
786,"cover band"
787,abuse
788,acrophobia
789,"alien creature"
790,box
791,boxing
792,"abusive father"
793,"baseball card"
794,"motor scooter"
795,"health care"
796,"fake family"
797,"22nd century"
798,"car breakdown"
799,"cheating wife"
800,dolphin
801,fisherman
802,demon
803,"autistic son"
804,alderman
805,drunkenness
806,"penis joke"
807,"american football"
808,"black comedy"
809,arkansas
810,fashion
811,lawyer
812,"actress playing herself"
813,"academy award"
814,"freddy krueger"
815,eccentric
816,"martial arts master"
817,"bare chested male"
818,"40th birthday"
819,date
820,currency
821,"artificial insemination"
822,guile
823,ghetto
824,"estranged wife"
825,"fatal attraction"
826,graveyard
827,labor
828,"chronic traumatic encephalopathy"
829,dove
830,dragonfly
831,election
832,"male nudity"
833,career
834,"great white shark"
835,cyclops
836,bombardier
837,"employee employer relationship"
838,legend
839,dea
840,"gun fu"
841,bruise
842,"anthropomorphic animal"
843,"father son relationship"
844,bushwhacker
845,"business trip"
846,eternity
847,"children adventure"
848,"cold war"
849,"corrupt cop"
850,"3 dimensional"
851,"baby rattle"
852,barrio
853,"air traffic control"
854,"death star"
855,childbirth
856,"brain tumor"
857,dentist
858,"lucha libre"
859,catholic
860,"fbi agent"
861,bomber
862,"andes mountains"
863,destiny
864,"colon in title"
865,"authority figure as villian"
866,ambulance
867,"artificial organ"
868,"antique shop"
869,airline
870,"first person narration"
871,"based on multiple works"
872,homosexual
873,"claw crane"
874,"cinderella story"
875,ballistics
876,"class differences"
877,boss
878,"new york"
879,"highway travel"
880,breakup
881,"13 year old"
882,"bank robbery"
883,retirement
884,counterfeit
885,mule
886,"arranged marriage"
887,"critically acclaimed"
888,"hit by a pickup truck"
889,"game of death"
890,eclipse
891,"family drama"
892,"bus stop"
893,outcast
894,ballroom
895,"alliterative title"
896,businessman
897,hope
898,"clinical trial"
899,denmark
900,disney
901,"hip hop"
902,confession
903,"electronic devices"
904,"kissing while having sex"
905,forger
906,disk
907,dna
908,"brother in law"
909,gambling
910,flashback
911,neighbor
912,"27th century"
913,bad
914,"first daughter"
915,"abusive boyfriend"
916,"ex wife"
917,"coastal town"
918,"costa rica"
919,"crime lord"
920,"one word title"
921,"female fighter"
922,"long title"
923,"african national congress"
924,"20th century"
925,"art forgery"
926,bread
927,epidemic
928,celibacy
929,"child's point of view"
930,"broken nose"
931,business
932,"gulf war veteran"
933,heiress
934,"absent father"
935,"female full frontal nudity"
936,mall
937,liberty
938,candle
939,"comic book"
940,"bank heist"
941,"bad day"
942,bachelor
943,faith
944,"bad luck"
945,"8 year old"
946,"head on a stake"
947,bolivia
948,"hit in the crotch"
949,desire
950,"bare chested male bondage"
951,"one night stand"
952,"age difference"
953,crocodile
954,coroner
955,"earl of oxford"
956,duchess
957,"bank robber"
958,"adopted son"
959,"american in the uk"
960,"gay interest"
961,"eiffel tower"
962,"based on opera"
963,"body swap"
964,"40 year old"
965,astoria
966,"childhood trauma"
967,alcohol
968,"airborne troops"
969,"american dream"
970,company
971,"frozen time"
972,expecting
973,delaware
974,mask
975,mayor
976,apple
977,"efficiency expert"
978,"health insurance"
979,"anti semitism"
980,buick
981,gang
982,bible
983,german
984,"black servant"
985,cartographer
986,"elm street"
987,"brooklyn new york city"
988,"chop socky"
989,"corrupt judge"
990,"coin toss"
991,gunfight
992,"animal rights"
993,chores
994,"ex girlfriend"
995,"cigar smoking"
996,arrogance
997,bathtub
998,abdication
999,kid
1000,makeover
